日付,始値,高値,安値,終値
2011/12/30,724.39,728.62,723.08,728.61
2012/1/4,737.52,744.3,736.6,742.99
2012/1/5,740.7,740.7,736.09,736.28
2012/1/6,735.25,735.82,725.97,729.6
2012/1/10,732.95,736.26,731.37,731.93
2012/1/11,733.45,735.89,731.36,733.47
2012/1/12,732.13,732.21,725.28,727.15
2012/1/13,731.82,735.85,731.82,734.6
2012/1/16,728.54,728.54,722.85,725.24
2012/1/17,727.97,731.61,727.14,731.53
2012/1/18,730.23,740.51,728.66,734.98
2012/1/19,738.68,743.78,738.68,740.68
2012/1/20,750.48,757.1,750.01,755.47
2012/1/23,755.41,758.41,753.83,756.79
2012/1/24,760.25,760.61,755.76,757.4
2012/1/25,761.79,769.36,759.97,767.4
2012/1/26,768.14,768.61,763.28,764.61
2012/1/27,763.95,766.38,759.97,761.13
2012/1/30,758.56,760.96,756.32,757.01
2012/1/31,755.69,759.31,753.84,755.27
2012/2/1,755.1,760.87,754.84,757.96
2012/2/2,762.52,766.13,762.13,762.45
2012/2/3,761.63,764.85,759.58,760.69
2012/2/6,770.01,772.36,768.54,769.85
2012/2/7,768.64,773.17,768.64,772.77
2012/2/8,776.52,782.34,775.75,782.34
2012/2/9,781.34,785.62,777.67,784.49
2012/2/10,785.88,786.05,778.78,779.07
2012/2/13,777.45,784.08,777.42,781.68
2012/2/14,780.25,787.7,778.65,786.8
2012/2/15,791.76,806.63,791.03,802.96
2012/2/16,799.87,806.38,798.4,800.25
2012/2/17,810.69,815.45,809.64,810.45
2012/2/20,821.45,823.48,817.34,819.03
2012/2/21,817.82,821.86,814.61,816.29
2012/2/22,816.99,826.11,815.43,825.4
2012/2/23,825.19,831.37,820.93,829.35
2012/2/24,829.8,835.1,828.67,834.29
2012/2/27,841.45,843.74,834.8,835.25
2012/2/28,828.69,839.2,825.81,838.48
2012/2/29,843.82,847.83,834.21,835.96
2012/3/1,840.23,845.91,827.56,831.54
2012/3/2,839.33,841,833.34,837.82
2012/3/5,836.44,840.39,830.9,832.86
2012/3/6,833.14,835.58,824.79,827.35
2012/3/7,815.87,823.42,815.85,822.71
2012/3/8,830.2,836.32,829.82,836.16
2012/3/9,847.26,853.35,842.07,848.71
2012/3/12,854.37,854.37,845.28,845.28
2012/3/13,846.54,854.24,845.33,845.33
2012/3/14,858.64,861.46,857.11,857.11
2012/3/15,862.62,866.42,858.71,863.61
2012/3/16,862.48,866.73,861.81,866.73
2012/3/19,868.38,870.35,866.99,868.35
2012/3/21,864.47,865.42,858.42,858.78
2012/3/22,856.39,863.82,856.21,862.07
2012/3/23,852.77,854.97,852.31,852.53
2012/3/26,854.41,856.03,851.82,851.82
2012/3/27,862.36,872.42,862.3,872.42
2012/3/28,863.02,865.32,859.42,864.43
2012/3/29,860.92,862.15,855.38,857.74
2012/3/30,857.2,857.26,851.63,854.35
2012/4/2,862.07,863.23,855.49,856.05
2012/4/3,854.17,854.33,849.24,851.02
2012/4/4,851.77,853.39,833.97,835.36
2012/4/5,827.07,835.05,823.77,832.57
2012/4/6,826.67,829.92,823.61,825.71
2012/4/9,815.36,819.42,813.69,813.69
2012/4/10,817.28,822.05,811.67,813.43
2012/4/11,802.16,808.5,800.57,805.84
2012/4/12,807.9,811.44,804.3,809.88
2012/4/13,816.4,819.14,813.28,815.48
2012/4/16,806.99,809.16,803.62,803.83
2012/4/17,805.14,807.92,802.72,803.09
2012/4/18,813.55,820.42,813.51,819.27
2012/4/19,814.37,817.08,812.47,814.13
2012/4/20,814.12,814.22,810.08,811.94
2012/4/23,814.41,818.88,808.18,809.54
2012/4/24,802.85,806.78,801.2,803.94
2012/4/25,812.81,812.83,807.76,809.49
2012/4/26,814.65,816.48,807.97,810.1
2012/4/27,809.8,819.37,800.55,804.27
2012/5/1,801.76,801.97,788.46,789.49
2012/5/2,794.59,796.05,790.26,792.87
2012/5/7,777.85,778.42,770.88,772.06
2012/5/8,777.53,777.86,773.72,776.57
2012/5/9,770.77,771.05,763.66,765.83
2012/5/10,763.81,770.46,762.45,765.42
2012/5/11,765.91,767.53,758.27,758.38
2012/5/14,758.98,762.8,755.54,756.68
2012/5/15,749.76,751.99,741.2,747.4
2012/5/16,745.57,747.04,735.3,738.88
2012/5/17,736.96,748.53,734.58,747.16
2012/5/18,734.19,734.8,722.96,725.54
2012/5/21,724.01,729.41,723.45,725.15
2012/5/22,732.36,734.93,730.75,733.33
2012/5/23,732.94,732.94,720.85,721.57
2012/5/24,720.16,724.86,716.49,722.25
2012/5/25,725.87,726.06,719.19,722.11
2012/5/28,723.01,723.92,718.86,721.11
2012/5/29,718.94,727.03,715.08,727.03
2012/5/30,725.26,726.42,718.22,723.62
2012/5/31,713.25,719.49,711.38,719.49
2012/6/1,712.18,714,706.91,708.93
2012/6/4,695.67,697.2,692.18,695.51
2012/6/5,699.57,708.87,698.14,708.24
2012/6/6,711.47,720.19,708.72,718.56
2012/6/7,727.54,730.75,725.41,730.75
2012/6/8,729.77,729.77,714.52,717.74
2012/6/11,728.99,733.87,727.93,730.07
2012/6/12,719.73,725.63,716.97,724.37
2012/6/13,725.33,728.14,722.93,726.44
2012/6/14,722.79,727.32,722.25,725.66
2012/6/15,728.99,730.26,724.69,726.57
2012/6/18,738.53,743.06,738.02,738.81
2012/6/19,736.54,740.19,732.93,734.69
2012/6/20,742.35,748.47,741.84,747.34
2012/6/21,750.8,756.35,750.24,753.96
2012/6/22,746.49,753.85,746.02,750.92
2012/6/25,755.19,755.55,744.88,745.22
2012/6/26,739.66,744.31,734.41,738.89
2012/6/27,740.01,745.48,736.75,745.48
2012/6/28,751.55,759.45,751.55,758.81
2012/6/29,755.69,773.21,754.35,770.08
2012/7/2,778.66,778.87,769.34,769.34
2012/7/3,771.66,778.55,771.66,777.11
2012/7/4,780.63,781.94,777.56,778.7
2012/7/5,776.58,781.29,775.1,776.37
2012/7/6,774.49,777.52,768.33,771.83
2012/7/9,764.17,767.66,763.58,763.93
2012/7/10,766.04,769.7,758.6,758.6
2012/7/11,756.33,757.32,753.7,757.29
2012/7/12,757.91,758.06,746.79,747.49
2012/7/13,744.8,750.42,744.75,746.34
2012/7/17,747.61,749.62,743.04,743.38
2012/7/18,746.24,747.46,739.26,740.46
2012/7/19,745.87,750.4,744.25,747.13
2012/7/20,745.91,746.19,733.03,733.82
2012/7/23,726.53,729.21,720.61,720.62
2012/7/24,718.69,721.75,714.29,717.67
2012/7/25,711.96,712.25,703.31,706.46
2012/7/26,709.9,715.42,705.27,714.91
2012/7/27,723.36,726.44,720.87,726.44
2012/7/30,733.49,733.98,726.65,731.74
2012/7/31,729.74,738.42,728.15,736.31
2012/8/1,731.11,731.27,727.03,729.78
2012/8/2,730.47,737.07,729.89,732.98
2012/8/3,724.5,724.7,720.03,723.94
2012/8/6,734.2,738.19,733.12,735.73
2012/8/7,735.67,744.31,734.85,743.7
2012/8/8,750.07,753.88,742.44,745.64
2012/8/9,744.55,752.23,743.41,751.84
2012/8/10,748.39,752.05,742.95,746.79
2012/8/13,745.78,748.19,744.8,746.95
2012/8/14,749.42,752.9,746.5,749.53
2012/8/15,751.04,751.33,743.15,747.32
2012/8/16,750.41,759.12,750.19,759.12
2012/8/17,761.66,765.92,759.18,765.81
2012/8/20,768.92,769.79,763.33,764.66
2012/8/21,764.71,767.97,764.01,765.26
2012/8/22,765.18,765.97,758.86,762.73
2012/8/23,758.75,765.72,757.52,764.59
2012/8/24,756.91,758.97,755.07,757.23
2012/8/27,761.73,762.59,755.37,755.37
2012/8/28,757.54,758.09,743.62,746.3
2012/8/29,746.64,750.67,745.85,750.03
2012/8/30,749.24,749.65,742.19,743.79
2012/8/31,736.71,739.65,731.64,731.64
2012/9/3,731.87,738.02,727.45,728.63
2012/9/4,729.82,729.82,723.36,726.69
2012/9/5,725.01,725.03,718.09,718.09
2012/9/6,719.14,719.72,715.05,719
2012/9/7,730.52,735.17,727.99,735.17
2012/9/10,734.49,737.73,732.19,737.34
2012/9/11,731.37,732.26,727.74,732.26
2012/9/12,732.9,741.82,732.89,741.82
2012/9/13,741.25,746.06,739.07,744.23
2012/9/14,751.96,759.25,750.62,756.88
2012/9/18,757.66,762.05,755.48,758.36
2012/9/19,760.43,769.54,757.1,764.8
2012/9/20,760.72,764.75,752.96,753.81
2012/9/21,754.89,760.23,753.88,756.38
2012/9/24,754.37,755.92,751.07,753.68
2012/9/25,750.85,757.66,749.87,757.66
2012/9/26,743.51,746.61,740.99,742.54
2012/9/27,738.34,747.35,737.91,745.59
2012/9/28,748.24,748.8,734.02,737.42
2012/10/1,732.78,732.78,727.79,732.35
2012/10/2,734.57,736.4,730.65,731.19
2012/10/3,730.44,732.26,725.61,727.39
2012/10/4,730.35,738.98,728.53,735.38
2012/10/5,737.03,738.82,732.89,737.13
2012/10/9,733.79,736.14,727.39,727.68
2012/10/10,718.64,719.39,715.28,716.84
2012/10/11,711.05,719.16,710.32,713.95
2012/10/12,717.34,721.52,716.81,718.32
2012/10/15,717.66,724.53,714.84,722.99
2012/10/16,727.85,733.11,726.99,732.4
2012/10/17,738.55,742.94,737.22,739.79
2012/10/18,745.54,753.1,745.17,752.3
2012/10/19,749.01,755.13,748.86,754.39
2012/10/22,744.58,755.29,744.16,753.72
2012/10/23,757.32,757.59,746.6,749.37
2012/10/24,741.06,750.41,741.06,743.27
2012/10/25,743.12,751.64,742.65,751.42
2012/10/26,751.14,752.91,740.79,741.23
2012/10/29,742.25,745.46,738.25,740.3
2012/10/30,741.06,744.61,733.46,733.46
2012/10/31,738.36,746.02,737.33,742.33
2012/11/1,743.02,745.08,737.8,743.32
2012/11/2,750.44,752.79,749.62,752.09
2012/11/5,748.35,750.98,746.09,747.95
2012/11/6,745.49,745.52,743.07,744.88
2012/11/7,749.38,749.55,741.97,745.71
2012/11/8,737.6,739.81,734.41,735.35
2012/11/9,729.04,732.37,727.38,730.74
2012/11/12,726.69,728.1,722.58,722.58
2012/11/13,724.06,725.04,718.36,722.56
2012/11/14,722.12,723.67,720.91,722.41
2012/11/15,725.64,737.6,724.85,737.51
2012/11/16,742.92,752.51,742.79,751.34
2012/11/19,760.82,764.83,760.78,762.16
2012/11/20,767.05,767.26,760.23,762.04
2012/11/21,767.66,769.65,762.56,767.01
2012/11/22,775.45,777.09,772.69,776.43
2012/11/26,784.74,787.74,779.41,779.5
2012/11/27,778.18,783.5,778.03,781.6
2012/11/28,777.37,779.87,771.39,771.39
2012/11/29,776.25,780.62,776.16,779.44
2012/11/30,783.17,785.89,777.51,781.46
2012/12/3,785.48,786.35,780.72,781.73
2012/12/4,779.62,783.64,778.69,781.97
2012/12/5,777.44,786.36,776.83,781.86
2012/12/6,788.54,789.8,786.17,788.74
2012/12/7,789.23,791.7,788.55,790.24
2012/12/10,793.9,794.39,787.13,788.48
2012/12/11,787.02,787.86,783.45,786.07
2012/12/12,792.01,792.87,789.64,791.29
2012/12/13,799.2,802.79,797.84,799.21
2012/12/14,796.33,803.13,795.54,801.04
2012/12/17,811.86,812.49,806.87,807.84
2012/12/18,809.91,820.71,809.75,816.85
2012/12/19,826.47,839.34,825.85,839.34
2012/12/20,837.38,845.67,834.96,838.61
2012/12/21,846.86,850.31,828.84,832.72
2012/12/25,843.89,846.1,836.05,838.01
2012/12/26,842.52,847.8,841.09,847.71
2012/12/27,853.7,859.15,851.44,854.09
2012/12/28,860.36,861.57,854.14,859.8
2013/1/4,876.97,888.53,876.83,888.51
2013/1/7,895.11,895.14,879.22,881.06
2013/1/8,877.58,881.49,868.35,871.88
2013/1/9,863.19,882.29,862.62,879.05
2013/1/10,884.63,892.26,883.33,889.02
2013/1/11,899.32,901.98,895.13,898.69
2013/1/15,908.06,910.52,903.33,906.22
2013/1/16,903.14,903.14,886.9,888.11
2013/1/17,893.62,895.87,877.35,890.46
2013/1/18,903.94,911.44,903.59,911.44
2013/1/21,913.85,913.92,902.29,905.16
2013/1/22,905.98,912.47,893.7,901.15
2013/1/23,891.61,898.9,887.79,887.79
2013/1/24,881.67,898.06,881.43,897.62
2013/1/25,909.86,917.23,909.55,917.09
2013/1/28,924.28,924.28,913.78,913.78
2013/1/29,910.42,924.96,910.42,920.76
2013/1/30,923.75,935.01,922.96,934.67
2013/1/31,934.77,942.08,930.05,940.25
2013/2/1,945.54,948.35,941.64,942.65
2013/2/4,949.34,957.05,946.75,955.75
2013/2/5,944.58,952.93,939.7,939.7
2013/2/6,954.77,972.57,954.42,968.82
2013/2/7,966.17,974.51,962.88,969.18
2013/2/8,962.13,967.1,955.8,957.35
2013/2/12,971.18,978.44,968.5,968.5
2013/2/13,965.76,968.76,952.17,957.02
2013/2/14,958.57,962.31,950.52,954.88
2013/2/15,948.52,949.71,930.04,942.41
2013/2/18,952.84,964.54,952.37,962.69
2013/2/19,958.21,967.35,958.21,963.61
2013/2/20,973.37,976.17,970.73,973.7
2013/2/21,968.87,973.82,960.18,962.86
2013/2/22,954.87,964.33,948.58,963.48
2013/2/25,977.48,981.8,976.21,980.7
2013/2/26,964.68,976.03,962.08,966.77
2013/2/27,968.17,968.4,953.72,953.72
2013/2/28,964.49,975.8,964.21,975.66
2013/3/1,971.99,986.06,971.22,984.33
2013/3/4,991.7,1001.15,989.76,992.25
2013/3/5,998.49,1000.63,987.48,988.62
2013/3/6,998.9,1003.22,995.33,1003.22
2013/3/7,1009.55,1012.62,1002.18,1004.35
2013/3/8,1009.09,1021.85,1009.08,1020.5
2013/3/11,1030.58,1043,1028.88,1039.98
2013/3/12,1047.7,1050.76,1035.9,1035.9
2013/3/13,1031.3,1038.51,1030.02,1031.42
2013/3/14,1037.29,1040.03,1028.37,1038.17
2013/3/15,1044.26,1052.55,1042.34,1051.65
2013/3/18,1039.25,1039.76,1028.34,1028.34
2013/3/19,1040.57,1047.73,1040.31,1045.89
2013/3/21,1055.81,1061.75,1055.32,1058.1
2013/3/22,1050.71,1051.74,1038.57,1038.57
2013/3/25,1050.62,1051.74,1045.48,1047.29
2013/3/26,1041.5,1048.53,1041.37,1044.42
2013/3/27,1043.07,1047.18,1042.9,1046.47
2013/3/28,1044.59,1045.18,1029.39,1036.78
2013/3/29,1039.69,1040.16,1028.66,1034.71
2013/4/1,1031.75,1032.1,1000.27,1000.57
2013/4/2,990.13,998.24,971.33,991.34
2013/4/3,996.86,1010.43,994.13,1010.43
2013/4/4,998.99,1037.84,990.6,1037.76
2013/4/5,1056.84,1088.36,1056.35,1066.24
2013/4/8,1084.4,1101.74,1083.81,1101.74
2013/4/9,1110.79,1113.1,1095.58,1102.04
2013/4/10,1101.24,1122.25,1100.95,1121.04
2013/4/11,1133.72,1147.29,1133.22,1147.29
2013/4/12,1147.38,1150.06,1138.85,1148.57
2013/4/15,1138.08,1145.48,1129.91,1133.99
2013/4/16,1112.87,1127.03,1106.18,1119.2
2013/4/17,1129.88,1137.53,1128.34,1136.01
2013/4/18,1128.4,1138.24,1122.64,1122.97
2013/4/19,1126.67,1129.5,1114.24,1126.67
2013/4/22,1144.42,1154.16,1143.92,1145.6
2013/4/23,1144.78,1148.86,1140.83,1143.78
2013/4/24,1156.03,1164.35,1151.94,1164.35
2013/4/25,1167.83,1175.13,1163.39,1172.78
2013/4/26,1176.32,1176.36,1160.31,1161.19
2013/4/30,1164.3,1169.64,1161.17,1165.13
2013/5/1,1164.31,1164.31,1155.18,1158.37
2013/5/2,1152.69,1157.47,1147.52,1153.28
2013/5/7,1174.02,1189.6,1174.02,1188.57
2013/5/8,1191.17,1203.74,1190.46,1194.34
2013/5/9,1199.89,1202.41,1181.83,1181.83
2013/5/10,1201.42,1212.33,1199.83,1210.6
2013/5/13,1222.23,1236.33,1222.1,1232.2
2013/5/14,1236.26,1238.23,1229.44,1230.8
2013/5/15,1246,1259.63,1245.82,1252.85
2013/5/16,1257.07,1259.15,1231.05,1245.23
2013/5/17,1237.97,1256.24,1236.43,1253.24
2013/5/20,1266.4,1273.87,1263.65,1269.51
2013/5/21,1266.79,1274.05,1265.26,1270.39
2013/5/22,1277.03,1284.95,1276.03,1276.03
2013/5/23,1279.49,1289.77,1188.34,1188.34
2013/5/24,1205.6,1227.46,1149.42,1194.08
2013/5/27,1176.92,1176.92,1154.07,1154.07
2013/5/28,1140.98,1174.66,1140.41,1168.27
2013/5/29,1188.31,1195.71,1171.44,1178.87
2013/5/30,1160.56,1166.29,1129.07,1134.42
2013/5/31,1150.48,1156.67,1133.04,1135.78
2013/6/3,1122.1,1122.53,1095.22,1096.95
2013/6/4,1088.87,1129.89,1076.5,1125.47
2013/6/5,1123.25,1139.22,1089.84,1090.03
2013/6/6,1076.3,1098.99,1069.02,1070.77
2013/6/7,1054.11,1077.68,1033.02,1056.95
2013/6/10,1078.08,1111.97,1077.84,1111.97
2013/6/11,1113.58,1119.82,1096.09,1101.15
2013/6/12,1083.98,1102.78,1073.06,1096.54
2013/6/13,1077.75,1078.99,1040.31,1044.17
2013/6/14,1063.53,1077.95,1055.5,1056.45
2013/6/17,1051.26,1085.06,1049.67,1084.72
2013/6/18,1088.17,1095.24,1079.54,1086.4
2013/6/19,1104.36,1112.05,1095.34,1106.57
2013/6/20,1097.45,1103.62,1088.42,1091.81
2013/6/21,1071.77,1103.69,1059.81,1099.4
2013/6/24,1112.31,1113.01,1086.81,1089.64
2013/6/25,1088.35,1097.19,1065.27,1078.66
2013/6/26,1092.14,1094.02,1068.59,1069.28
2013/6/27,1080.17,1098.83,1071.19,1098.83
2013/6/28,1112.79,1139.76,1111.55,1133.84
2013/7/1,1143.96,1151.08,1131.26,1150.7
2013/7/2,1162.52,1171.84,1156.45,1171.84
2013/7/3,1174.75,1176.44,1166.48,1173.81
2013/7/4,1167.29,1174.8,1166.32,1170.71
2013/7/5,1181.18,1188.58,1178.41,1188.58
2013/7/8,1201.34,1202.44,1172.58,1172.58
2013/7/9,1188.16,1197.39,1182.49,1196.89
2013/7/10,1198.21,1203.52,1185.9,1195.2
2013/7/11,1184.46,1197.33,1181.43,1194.77
2013/7/12,1195.22,1206.14,1194.73,1201.99
2013/7/16,1209.68,1212.71,1206.35,1210.54
2013/7/17,1203.1,1213.41,1203.1,1213.24
2013/7/18,1216.49,1223.36,1214.87,1222.01
2013/7/19,1230.17,1232.02,1198.58,1211.98
2013/7/22,1222.75,1223.19,1206.94,1216.53
2013/7/23,1210.28,1224.91,1208.86,1222.72
2013/7/24,1218.77,1221.57,1213.65,1219.92
2013/7/25,1221.11,1221.79,1200.53,1202.32
2013/7/26,1185.97,1187.31,1164.81,1167.06
2013/7/29,1148.69,1150.26,1128.09,1128.45
2013/7/30,1127.01,1153.35,1127.01,1148.53
2013/7/31,1141.45,1148.61,1131.7,1131.7
2013/8/1,1134.84,1163.39,1134.49,1163.39
2013/8/2,1177.74,1196.17,1174.88,1196.17
2013/8/5,1186.91,1189.87,1181.04,1184.74
2013/8/6,1181.53,1193.66,1169.39,1193.66
2013/8/7,1175.25,1175.96,1155.26,1155.26
2013/8/8,1148.97,1166.36,1136.39,1139.59
2013/8/9,1146.63,1151.52,1136.35,1140.91
2013/8/12,1132.07,1143.36,1129.5,1134.62
2013/8/13,1146.55,1157.27,1145.36,1157.15
2013/8/14,1164.75,1171.34,1152.2,1171.34
2013/8/15,1157.3,1165.66,1149.05,1151.82
2013/8/16,1136.64,1149.01,1135.74,1142.65
2013/8/19,1142.42,1149.13,1138.09,1149.13
2013/8/20,1140.28,1149.35,1125.27,1125.27
2013/8/21,1125.33,1128.83,1111.52,1121.74
2013/8/22,1115.26,1126.95,1112.26,1119.56
2013/8/23,1135.63,1150.02,1135.11,1141.63
2013/8/26,1145.91,1147.94,1136.13,1140
2013/8/27,1133.18,1143.35,1131.99,1134.02
2013/8/28,1114.3,1118.82,1103.94,1114.03
2013/8/29,1114.8,1117.7,1111.51,1116.51
2013/8/30,1124.26,1128.26,1104.77,1106.05
2013/9/2,1109.41,1120.56,1107.9,1117.78
2013/9/3,1133.16,1149.18,1133.12,1149.18
2013/9/4,1140.4,1156.64,1139.64,1156.3
2013/9/5,1162.83,1163.21,1151.38,1157.84
2013/9/6,1160.96,1162.41,1143.24,1147.82
2013/9/9,1169.8,1178.8,1166.97,1173
2013/9/10,1181.31,1192.16,1180.74,1190.22
2013/9/11,1199.03,1199.3,1186.47,1189.25
2013/9/12,1187.35,1188.69,1178.87,1184.36
2013/9/13,1179.26,1190.27,1174.51,1185.28
2013/9/17,1190.55,1192.35,1181.56,1181.64
2013/9/18,1188.95,1201.08,1186.05,1193.07
2013/9/19,1205.67,1215.48,1199.63,1215.48
2013/9/20,1219.37,1221.8,1215.29,1218.98
2013/9/24,1208.67,1217.9,1206.47,1214.87
2013/9/25,1212.91,1214.66,1207.67,1211.15
2013/9/26,1200.92,1220.49,1191.63,1220.49
2013/9/27,1220.77,1223.12,1214.69,1217.52
2013/9/30,1200.15,1205.16,1192.28,1194.1
2013/10/1,1198.18,1204.32,1193.31,1193.44
2013/10/2,1193.99,1199.88,1171.06,1175.16
2013/10/3,1174.59,1180.26,1171.45,1173.99
2013/10/4,1164.11,1171.83,1156.34,1163.82
2013/10/7,1164.52,1166.46,1147.22,1147.58
2013/10/8,1142.37,1152.89,1139.33,1150.13
2013/10/9,1142.11,1166.9,1138.75,1166.9
2013/10/10,1170.18,1177.95,1167.55,1177.95
2013/10/11,1193.61,1201.56,1191.93,1197.17
2013/10/15,1204.85,1205.21,1195.46,1197.47
2013/10/16,1196.92,1200.35,1193.17,1196.78
2013/10/17,1209.65,1212.62,1199.01,1206.25
2013/10/18,1207.24,1209.38,1201.21,1205.52
2013/10/21,1210.26,1215.9,1207.36,1212.36
2013/10/22,1213.18,1215.87,1210.81,1214.44
2013/10/23,1219.32,1222.56,1195.9,1195.98
2013/10/24,1191.14,1204.42,1186.42,1203.35
2013/10/25,1201.44,1201.44,1178.28,1178.28
2013/10/28,1190.2,1198.69,1185.13,1198.36
2013/10/29,1190.35,1198.9,1188.16,1193.5
2013/10/30,1202.81,1207.6,1200.68,1204.5
2013/10/31,1204.65,1207.49,1193.92,1194.26
2013/11/1,1199.68,1200.25,1177.81,1183.03
2013/11/5,1192.04,1192.3,1176.45,1182.58
2013/11/6,1179.89,1198.07,1178.81,1192.16
2013/11/7,1193.41,1193.48,1183.98,1184.73
2013/11/8,1171.38,1178.71,1171.2,1176.42
2013/11/11,1190.36,1191.91,1180.94,1185.65
2013/11/12,1185.87,1205.41,1185.73,1205.41
2013/11/13,1204.09,1209.93,1199.67,1204.19
2013/11/14,1210.63,1224,1208.89,1218.55
2013/11/15,1229.2,1241.38,1228.52,1239.04
2013/11/18,1246.49,1247.82,1237.72,1241.67
2013/11/19,1237.39,1240.2,1232.65,1236.86
2013/11/20,1239.61,1241.93,1230.95,1233.43
2013/11/21,1237.43,1247.09,1236.88,1246.31
2013/11/22,1256.51,1258.21,1242.46,1248.57
2013/11/25,1256.25,1259.61,1252.89,1259.61
2013/11/26,1252.49,1257.25,1250.59,1253.02
2013/11/27,1247.21,1253.34,1245.86,1247.08
2013/11/28,1258.01,1261.04,1254.5,1261.04
2013/11/29,1257.27,1260.69,1248.58,1258.66
2013/12/2,1260.97,1264.16,1255.02,1258.94
2013/12/3,1263.99,1266.66,1258.38,1262.54
2013/12/4,1249.41,1253.45,1239.09,1240.99
2013/12/5,1238.69,1245.17,1227.99,1229.65
2013/12/6,1227.2,1237.49,1225.96,1235.83
2013/12/9,1251.88,1255.84,1250.23,1255.32
2013/12/10,1255.55,1257.67,1252.19,1256.33
2013/12/11,1251.04,1253.7,1242.22,1250.45
2013/12/12,1241.99,1243.82,1236.51,1242.23
2013/12/13,1239.65,1249.65,1231.54,1238.88
2013/12/16,1237.17,1237.8,1222.2,1222.95
2013/12/17,1232.07,1234.53,1228.2,1232.31
2013/12/18,1230.19,1250.49,1230.19,1250.49
2013/12/19,1263.84,1268.39,1259.43,1263.07
2013/12/20,1258.94,1261.67,1255.9,1261.64
2013/12/24,1265.14,1267.31,1254.48,1257.55
2013/12/25,1253.5,1258.18,1251.86,1258.18
2013/12/26,1263.32,1281,1263.01,1279.34
2013/12/27,1284.9,1290.35,1275.85,1290.07
2013/12/30,1298.87,1302.87,1295.46,1302.29
2014/1/6,1297.79,1301.02,1283.69,1292.15
2014/1/7,1287.23,1292.85,1281.64,1283.25
2014/1/8,1292.39,1306.23,1289.98,1306.23
2014/1/9,1302.3,1302.65,1291.01,1296.75
2014/1/10,1290.17,1299.17,1285.77,1298.48
2014/1/14,1279.43,1279.71,1266.07,1269.08
2014/1/15,1285.14,1294.52,1283.95,1294.52
2014/1/16,1299.77,1308.08,1293.44,1294.39
2014/1/17,1292.56,1299.4,1289.99,1297.39
2014/1/20,1299.29,1299.44,1289.29,1293.86
2014/1/21,1296.43,1304.27,1295.66,1295.95
2014/1/22,1294.5,1303.12,1287.17,1299.63
2014/1/23,1304.94,1306.99,1287.52,1287.52
2014/1/24,1271.25,1272.66,1258.63,1264.6
2014/1/27,1240.02,1241.33,1227.36,1229.23
2014/1/28,1234.55,1237,1224.31,1224.31
2014/1/29,1239.83,1256.36,1238.07,1256.18
2014/1/30,1235.67,1235.78,1217.72,1224.09
2014/1/31,1234.38,1235.83,1211.22,1220.64
2014/2/3,1212.97,1217.94,1196.16,1196.32
2014/2/4,1173.62,1174.52,1139.27,1139.27
2014/2/5,1157,1167.42,1146.73,1162.64
2014/2/6,1166.92,1170.55,1159.52,1162.37
2014/2/7,1180.76,1189.53,1177.54,1189.14
2014/2/10,1206.02,1206.04,1194.47,1204.28
2014/2/12,1217.39,1225.67,1215.98,1219.6
2014/2/13,1220.37,1220.69,1196.5,1199.74
2014/2/14,1201.01,1209.52,1173.95,1183.82
2014/2/17,1184.18,1193.68,1172.53,1192.05
2014/2/18,1197.66,1226.38,1195.5,1224
2014/2/19,1217.58,1222,1213.21,1218.52
2014/2/20,1212.52,1215.87,1192.21,1194.56
2014/2/21,1208.28,1223.56,1207.69,1222.31
2014/2/24,1220.51,1234.3,1205.91,1219.07
2014/2/25,1228.85,1234.54,1225.88,1233.66
2014/2/26,1223.14,1233.7,1222.49,1225.35
2014/2/27,1221.88,1226.02,1214.16,1217.35
2014/2/28,1216.64,1218.06,1202.67,1211.66
2014/3/3,1197.77,1199.14,1179.59,1196.76
2014/3/4,1186.25,1207.89,1186.25,1204.11
2014/3/5,1218.51,1223.41,1212.82,1212.9
2014/3/6,1215.06,1231.61,1211.69,1228.36
2014/3/7,1239.08,1241.88,1228.67,1236.97
2014/3/10,1231.51,1235.7,1223.3,1227.61
2014/3/11,1230.66,1236.36,1226.15,1233.21
2014/3/12,1217.33,1218.5,1205.59,1206.94
2014/3/13,1205.8,1210.74,1201.59,1203.46
2014/3/14,1182.03,1182.79,1162.9,1164.7
2014/3/17,1158.89,1163.85,1148.24,1154.93
2014/3/18,1173.66,1175.16,1164.99,1165.94
2014/3/19,1172.39,1180.88,1157.16,1164.33
2014/3/20,1169.8,1171.39,1145.9,1145.97
2014/3/24,1150.86,1171.6,1150.18,1163.04
2014/3/25,1158.99,1170.9,1153.66,1163.7
2014/3/26,1170.96,1175.85,1164.51,1172.07
2014/3/27,1158.31,1179.41,1149.04,1176.9
2014/3/28,1174.64,1187.1,1168.78,1186.52
2014/3/31,1198.84,1204.4,1189.3,1202.89
2014/4/1,1207.63,1208.19,1197.58,1204.25
2014/4/2,1210.42,1222.6,1210.24,1211.36
2014/4/3,1216.72,1223.26,1213.44,1216.77
2014/4/4,1213.13,1219.27,1212.76,1215.89
2014/4/7,1202.39,1205.39,1193.45,1196.84
2014/4/8,1187.57,1188.02,1173.88,1174.56
2014/4/9,1159.81,1163.6,1146.12,1150.44
2014/4/10,1164.5,1167.49,1146.4,1149.49
2014/4/11,1129.28,1140.66,1121.5,1134.09
2014/4/14,1128.07,1143.93,1128.07,1132.76
2014/4/15,1144.03,1144.29,1134.26,1136.09
2014/4/16,1146.55,1166.55,1145.73,1166.55
2014/4/17,1167.34,1174.16,1162.15,1166.59
2014/4/18,1172,1173.41,1166.98,1173.37
2014/4/21,1175.62,1181.92,1169.35,1171.4
2014/4/22,1175.53,1177.95,1162.5,1162.5
2014/4/23,1170.49,1173.81,1167.62,1173.81
2014/4/24,1174.47,1174.86,1160.98,1164.9
2014/4/25,1163.58,1177.82,1160.64,1169.99
2014/4/28,1160.01,1162.11,1154.72,1160.74
2014/4/30,1169.15,1170.31,1160.65,1162.44
2014/5/1,1167.25,1182.2,1166.99,1182.2
2014/5/2,1179.57,1182.48,1177.09,1182.48
2014/5/7,1171.01,1171.3,1152.01,1152.01
2014/5/8,1157.95,1167,1155.47,1160.01
2014/5/9,1154.48,1171.26,1154.24,1165.51
2014/5/12,1164.33,1168.89,1157.91,1157.91
2014/5/13,1175.09,1180.39,1173.81,1178.35
2014/5/14,1176.75,1183.15,1174.72,1183.15
2014/5/15,1173.19,1178.55,1164.86,1178.29
2014/5/16,1162.17,1162.29,1151.97,1159.07
2014/5/19,1159.09,1161.08,1149.06,1150.07
2014/5/20,1155.47,1159.4,1150.66,1153.38
2014/5/21,1145.17,1150.96,1143.63,1150.05
2014/5/22,1159.1,1172.49,1155.76,1169.34
2014/5/23,1175.39,1186.48,1175.39,1180.44
2014/5/26,1192.01,1194.69,1189.09,1194.69
2014/5/27,1194.34,1204.73,1193.97,1195.11
2014/5/28,1197.71,1201.9,1195.09,1198.17
2014/5/29,1193.01,1203.63,1192.87,1200.68
2014/5/30,1202.71,1205.6,1198.04,1201.41
2014/6/2,1210.82,1222.49,1210.82,1220.47
2014/6/3,1231.9,1232.07,1227.34,1228.59
2014/6/4,1231.56,1233.95,1227.15,1233.95
2014/6/5,1236.17,1238.51,1229.16,1232.75
2014/6/6,1237.54,1238.89,1232.39,1234.57
2014/6/9,1243.01,1243.45,1234.46,1234.78
2014/6/10,1236.25,1241.01,1226.2,1228.73
2014/6/11,1228.98,1239.18,1228.77,1239.07
2014/6/12,1230.07,1238.7,1226.41,1237.75
2014/6/13,1227.6,1245.53,1227.6,1243.97
2014/6/16,1241.87,1242.09,1230.3,1234.68
2014/6/17,1237.47,1242.53,1236.45,1238.2
2014/6/18,1240.9,1250.25,1239.9,1249.15
2014/6/19,1250.61,1269.59,1250.47,1269.04
2014/6/20,1270.52,1273.8,1264.46,1268.92
2014/6/23,1272.32,1273.33,1265.17,1267.48
2014/6/24,1263.11,1271.93,1258.06,1268.5
2014/6/25,1263.86,1267.67,1260.83,1260.83
2014/6/26,1265.28,1267.3,1261.6,1263.43
2014/6/27,1262.7,1263.24,1245.2,1253.15
2014/6/30,1257.33,1262.66,1250.18,1262.56
2014/7/1,1265.32,1279.61,1263.1,1276.08
2014/7/2,1283.01,1284.82,1279.36,1280.78
2014/7/3,1284.7,1284.99,1275.78,1278.59
2014/7/4,1289.17,1289.17,1283.4,1285.24
2014/7/7,1284.08,1287.34,1279.83,1279.87
2014/7/8,1273.51,1280.72,1267.27,1275.7
2014/7/9,1264.09,1272.22,1263.72,1270.82
2014/7/10,1272.35,1273.18,1259.23,1259.25
2014/7/11,1248.96,1256.18,1247.66,1255.19
2014/7/14,1256.82,1266.91,1255.69,1265.46
2014/7/15,1271.65,1278.12,1271.12,1273.68
2014/7/16,1272.92,1278.37,1271.32,1273.59
2014/7/17,1277.41,1280.01,1270.99,1273.38
2014/7/18,1258.17,1263.36,1253.72,1263.29
2014/7/22,1269.49,1275.6,1269.23,1273.27
2014/7/23,1275.56,1276.94,1271.09,1272.39
2014/7/24,1273.3,1276.5,1265.63,1269.86
2014/7/25,1274.05,1281.35,1273.27,1281.35
2014/7/28,1279.57,1288.19,1279.48,1286.07
2014/7/29,1287.64,1291.46,1287.18,1290.41
2014/7/30,1289.85,1293.19,1287.99,1292.24
2014/7/31,1299.2,1300.53,1289.07,1289.42
2014/8/1,1279.09,1286.06,1278.31,1281.3
2014/8/4,1276.8,1280.93,1272.88,1276.19
2014/8/5,1278.45,1278.77,1263.08,1263.53
2014/8/6,1260.05,1260.5,1248.39,1251.29
2014/8/7,1251.66,1258.12,1242.63,1258.12
2014/8/8,1246.73,1248.36,1224.85,1228.26
2014/8/11,1247.23,1254.58,1241.63,1252.51
2014/8/12,1256.25,1262.5,1255.52,1257.69
2014/8/13,1254.69,1263.84,1253.88,1262.13
2014/8/14,1268.51,1272.06,1265.95,1270.5
2014/8/15,1270.76,1271.69,1267.46,1270.68
2014/8/18,1272.14,1272.77,1268.37,1271.26
2014/8/19,1280.1,1282.16,1277.25,1280.29
2014/8/20,1283.54,1284.14,1278.77,1279.64
2014/8/21,1284.95,1291.86,1284.37,1291.19
2014/8/22,1296.02,1296.02,1284.17,1286.07
2014/8/25,1291.2,1292.13,1287.26,1291.31
2014/8/26,1291.62,1292.66,1284.79,1285.01
2014/8/27,1286.73,1291.8,1280.55,1285.92
2014/8/28,1281.08,1281.67,1276.09,1280.74
2014/8/29,1277.35,1281.87,1275.1,1277.97
2014/9/1,1280.54,1283.16,1279.52,1283.06
2014/9/2,1286.22,1301.46,1285.15,1297
2014/9/3,1306.44,1307.09,1299.67,1301.52
2014/9/4,1301.06,1301.93,1295.34,1296.39
2014/9/5,1303.91,1303.96,1290.78,1293.21
2014/9/8,1298.57,1299.03,1292.59,1298.64
2014/9/9,1305.41,1305.56,1299.62,1299.62
2014/9/10,1294.16,1306.79,1294.16,1306.79
2014/9/11,1314.63,1314.63,1309.68,1311.24
2014/9/12,1311.09,1315.92,1309.09,1313.72
2014/9/16,1311.56,1312.82,1308.14,1310.86
2014/9/17,1312.52,1313.88,1304.96,1304.96
2014/9/18,1315.97,1320.86,1315.16,1317.91
2014/9/19,1324.34,1335.89,1322.42,1331.91
2014/9/22,1333.63,1334.86,1326.35,1330.88
2014/9/24,1321.51,1328.37,1321.51,1326.18
2014/9/25,1336.65,1346.43,1335.62,1346.43
2014/9/26,1321.83,1332.59,1321.83,1331.95
2014/9/29,1340.49,1340.62,1333.91,1337.3
2014/9/30,1334.21,1334.36,1315.53,1326.29
2014/10/1,1325.55,1329.69,1318.08,1318.21
2014/10/2,1302.47,1303.02,1278.73,1280.15
2014/10/3,1275.17,1284.19,1273.75,1282.54
2014/10/6,1299.03,1303.8,1293.12,1296.4
2014/10/7,1296.24,1303.57,1288.97,1290.89
2014/10/8,1272.89,1278.5,1267.94,1274.85
2014/10/9,1279.81,1282.65,1259.68,1260.78
2014/10/10,1240.69,1245.45,1236.81,1243.09
2014/10/14,1221.11,1225.31,1212.42,1214.27
2014/10/15,1219.81,1225.28,1212.86,1223.67
2014/10/16,1201.9,1202.38,1192.75,1195.5
2014/10/17,1197.95,1200.83,1177.22,1177.22
2014/10/20,1201.17,1226.59,1200.84,1224.34
2014/10/21,1227.48,1227.9,1201.5,1205.36
2014/10/22,1224.5,1236.69,1222.42,1236.41
2014/10/23,1230.25,1238.78,1224.04,1232.34
2014/10/24,1249.35,1250.74,1239.08,1242.32
2014/10/27,1251.44,1257.14,1247.04,1254.28
2014/10/28,1251.68,1255.05,1246.04,1252
2014/10/29,1260.83,1273.3,1259.07,1270.64
2014/10/30,1273.62,1282.88,1272.88,1278.9
2014/10/31,1291.69,1338.35,1291.64,1333.64
2014/11/4,1358.97,1392.9,1358.62,1368.65
2014/11/5,1363.51,1373.06,1360.88,1371.76
2014/11/6,1375.87,1378.77,1353.76,1356.35
2014/11/7,1366.02,1369.13,1361.42,1363.67
2014/11/10,1355.14,1361.2,1353.42,1360.11
2014/11/11,1365.27,1378.89,1363.05,1375.21
2014/11/12,1385.89,1393.46,1375.66,1377.05
2014/11/13,1376.01,1390.29,1370.16,1389.51
2014/11/14,1401.17,1401.5,1385.61,1400.41
2014/11/17,1394.46,1395.37,1362.34,1366.13
2014/11/18,1381.98,1395.54,1381.98,1394.88
2014/11/19,1399.83,1408.53,1394.84,1396.54
2014/11/20,1404.74,1405.2,1396.14,1397.64
2014/11/21,1397.78,1401.58,1384.61,1400.18
2014/11/25,1413.27,1413.27,1405.37,1409.15
2014/11/26,1405.07,1411.38,1403.92,1406.4
2014/11/27,1401.62,1403.9,1390.6,1391.9
2014/11/28,1397.23,1410.34,1397.23,1410.34
2014/12/1,1413.6,1427.12,1413.6,1421.65
2014/12/2,1414,1429.49,1414,1427.85
2014/12/3,1435.98,1440.67,1427.23,1429.75
2014/12/4,1441.46,1443.33,1437.04,1440.6
2014/12/5,1438.9,1445.77,1433.88,1445.67
2014/12/8,1453.89,1454.22,1442.73,1447.58
2014/12/9,1436.14,1442.01,1433.52,1436.09
2014/12/10,1421.03,1426.04,1400.04,1406.83
2014/12/11,1386.96,1399.71,1378.62,1397.04
2014/12/12,1394.97,1414.16,1394.54,1399.65
2014/12/15,1383.05,1391.42,1377.44,1379.29
2014/12/16,1362.52,1365.64,1350.73,1353.37
2014/12/17,1347.03,1362.08,1346.37,1352.01
2014/12/18,1377.77,1389.69,1374.39,1376.32
2014/12/19,1399.92,1409.61,1396.48,1409.61
2014/12/22,1415.97,1417.27,1407.29,1413.05
2014/12/24,1428.27,1429.32,1423.8,1426.02
2014/12/25,1422.53,1424.24,1418.83,1421.26
2014/12/26,1419.89,1429.09,1419.77,1427.5
2014/12/29,1433.8,1433.84,1409.53,1424.67
2014/12/30,1423.98,1424.16,1407.51,1407.51
2015/1/5,1400.87,1410.26,1388.37,1401.09
2015/1/6,1377.53,1377.88,1361.14,1361.14
2015/1/7,1353.43,1367.61,1353.43,1359.8
2015/1/8,1374.91,1383.79,1370.99,1377.67
2015/1/9,1386.72,1387.24,1375.02,1380.58
2015/1/13,1364.26,1374.69,1353.96,1374.69
2015/1/14,1365.53,1371.68,1356.2,1357.98
2015/1/15,1361.29,1379.9,1360.33,1376.6
2015/1/16,1354.45,1363.74,1343.29,1363.73
2015/1/19,1374.41,1374.65,1365.08,1372.41
2015/1/20,1376.57,1397.63,1376.15,1397.63
2015/1/21,1394.24,1394.24,1381.95,1390.61
2015/1/22,1390.97,1391.92,1380.47,1389.43
2015/1/23,1403.88,1404.1,1398.43,1403.22
2015/1/26,1387.82,1402.26,1387.77,1402.08
2015/1/27,1414.53,1426.38,1413.56,1426.38
2015/1/28,1414.36,1433.35,1414.36,1429.92
2015/1/29,1419,1424.49,1411.31,1413.58
2015/1/30,1425.67,1429.32,1415.07,1415.07
2015/2/2,1402.52,1411.4,1397.14,1408.75
2015/2/3,1415.51,1415.99,1387.38,1392.39
2015/2/4,1407.92,1424.9,1407.63,1417
2015/2/5,1417.19,1420.33,1406.29,1410.11
2015/2/6,1422.61,1422.86,1414.95,1417.19
2015/2/9,1429.93,1430,1418.85,1424.92
2015/2/10,1424.1,1427.72,1419.93,1427.72
2015/2/12,1446.22,1455.26,1444.51,1449.39
2015/2/13,1449.12,1453.26,1445.88,1449.38
2015/2/16,1459.05,1463.86,1455.34,1459.43
2015/2/17,1455.71,1463.41,1453.14,1462.07
2015/2/18,1473.84,1483.55,1472.92,1482.67
2015/2/19,1485.18,1496.08,1485.12,1494.93
2015/2/20,1499.47,1501.16,1493.56,1500.33
2015/2/23,1510.9,1512.71,1495.57,1502.83
2015/2/24,1501.09,1508.28,1496.97,1508.28
2015/2/25,1512.66,1513.4,1504.72,1507.62
2015/2/26,1505.37,1521.68,1505.37,1521.68
2015/2/27,1526.97,1529.2,1517.56,1523.85
2015/3/2,1528.77,1533.15,1523.18,1524.97
2015/3/3,1531.68,1531.91,1517.69,1526.83
2015/3/4,1519.99,1520.26,1504.45,1517.01
2015/3/5,1515.01,1524.31,1514.72,1523.72
2015/3/6,1526.54,1540.85,1525.93,1540.84
2015/3/9,1534.53,1536.39,1524.53,1531.76
2015/3/10,1539.25,1541.76,1517.68,1524.75
2015/3/11,1515.52,1531.71,1515.52,1525.67
2015/3/12,1529.99,1548.27,1529.2,1546.63
2015/3/13,1555.43,1566.03,1550.25,1560.33
2015/3/16,1559.01,1565.67,1554.57,1558.21
2015/3/17,1570.1,1575.31,1565.21,1570.5
2015/3/18,1570.94,1583.6,1569.71,1582.46
2015/3/19,1581.79,1585.84,1564.42,1575.81
2015/3/20,1577.25,1580.66,1568.88,1580.51
2015/3/23,1586.38,1594.71,1583.13,1592.25
2015/3/24,1587.88,1590.39,1579.26,1587.59
2015/3/25,1588.51,1593.31,1575.9,1592.01
2015/3/26,1581.35,1581.48,1562.72,1568.82
2015/3/27,1557.24,1575.31,1538.75,1552.78
2015/3/30,1552.59,1561.2,1544,1557.77
2015/3/31,1576.1,1578.93,1543.11,1543.11
2015/4/1,1536.7,1541.3,1519.41,1528.99
2015/4/2,1536.06,1565.39,1535.97,1554.17
2015/4/3,1554.53,1564.16,1552.9,1564.16
2015/4/6,1552.45,1561.84,1548.59,1560.71
2015/4/7,1572.72,1583.5,1571.44,1578.55
2015/4/8,1586.78,1593.74,1582.29,1588.47
2015/4/9,1592.49,1595.75,1588.47,1594.19
2015/4/10,1596.52,1596.81,1584.33,1589.54
2015/4/13,1591.68,1592.35,1578.12,1586.26
2015/4/14,1583.07,1591.65,1583.05,1590.82
2015/4/15,1584.91,1593.44,1584.73,1588.81
2015/4/16,1589.63,1599.42,1582.34,1599.42
2015/4/17,1594.88,1598.24,1587.22,1588.69
2015/4/20,1574.9,1591.14,1569.29,1582.68
2015/4/21,1590.64,1608.88,1588.26,1608.88
2015/4/22,1613.86,1625.98,1612.36,1621.79
2015/4/23,1631.14,1633.81,1616.23,1624.87
2015/4/24,1623.81,1625.17,1616.53,1618.84
2015/4/27,1621.29,1622.76,1612.5,1619.07
2015/4/28,1623.89,1630.53,1623.62,1627.43
2015/4/30,1612.58,1613.6,1587.67,1592.79
2015/5/1,1587.07,1590.08,1573.31,1585.61
2015/5/7,1574.61,1585.59,1571.43,1574.64
2015/5/8,1576.78,1592.59,1574.62,1587.76
2015/5/11,1608.67,1612.43,1597.26,1598.33
2015/5/12,1600.02,1602.27,1587.27,1602.27
2015/5/13,1595.28,1605.91,1589.35,1604.21
2015/5/14,1597.42,1601.74,1589.78,1591.49
2015/5/15,1601.05,1608.07,1595.46,1607.11
2015/5/18,1612.36,1626.66,1611.91,1626.66
2015/5/19,1631.5,1638.02,1629.5,1633.33
2015/5/20,1644.43,1650.85,1641.18,1643.4
2015/5/21,1646.78,1656.05,1643.39,1646.8
2015/5/22,1647.91,1648.51,1638.52,1647.85
2015/5/25,1655.8,1660.37,1653.17,1659.15
2015/5/26,1659.99,1662.75,1656.23,1659.57
2015/5/27,1655.72,1665.49,1653.23,1661.33
2015/5/28,1671.14,1679.78,1667.3,1672.76
2015/5/29,1671.14,1680.39,1669.93,1673.65
2015/6/1,1662.55,1680.4,1661.72,1678.56
2015/6/2,1682.48,1683.19,1669.85,1674.21
2015/6/3,1668.49,1673.74,1663.84,1669.99
2015/6/4,1674.38,1676.69,1669.31,1673.89
2015/6/5,1664.45,1668.96,1658.99,1667.06
2015/6/8,1672.69,1673.16,1657.99,1661.99
2015/6/9,1649.08,1652.86,1634.13,1634.37
2015/6/10,1635.06,1646.78,1627.11,1628.23
2015/6/11,1640.27,1651.93,1639.43,1648.88
2015/6/12,1653.55,1653.55,1645.52,1651.48
2015/6/15,1638.1,1653.19,1637.62,1651.92
2015/6/16,1646.1,1649.32,1637.58,1639.86
2015/6/17,1645,1646.45,1629.35,1633.7
2015/6/18,1631.85,1632.49,1616.66,1616.66
2015/6/19,1630.18,1635.04,1625.02,1631.01
2015/6/22,1630.87,1649.21,1630.87,1648.61
2015/6/23,1660.89,1676.4,1658.64,1676.4
2015/6/24,1683.46,1686.61,1679.53,1679.89
2015/6/25,1671.36,1678.26,1670,1670.91
2015/6/26,1667.68,1672.06,1656.81,1667.03
2015/6/29,1634.81,1639.12,1620.27,1624.82
2015/6/30,1626.21,1633.27,1621.61,1630.4
2015/7/1,1635.06,1638.25,1628.01,1636.41
2015/7/2,1653.3,1656.56,1646.26,1648.24
2015/7/3,1648.78,1654.85,1644.62,1652.09
2015/7/6,1626.79,1634.57,1614.8,1620.36
2015/7/7,1638.89,1645.1,1636.06,1637.23
2015/7/8,1630.46,1631.42,1582.48,1582.48
2015/7/9,1554.9,1580.56,1526.09,1579.89
2015/7/10,1585.97,1602.12,1579.21,1583.55
2015/7/13,1600.69,1616.57,1598.62,1613.51
2015/7/14,1637.13,1643.69,1633.12,1638.71
2015/7/15,1646.43,1647.86,1638.76,1646.41
2015/7/16,1655.08,1660.83,1651.7,1660.83
2015/7/17,1662.52,1663.49,1658.43,1662.94
2015/7/21,1672.78,1674.27,1666.54,1673.88
2015/7/22,1660.95,1662.17,1654.05,1655.37
2015/7/23,1662.51,1665.72,1658.53,1664.88
2015/7/24,1661,1662.95,1653.7,1655.86
2015/7/27,1644.19,1649.68,1631.6,1637.9
2015/7/28,1620.49,1638.65,1612.56,1629.46
2015/7/29,1637.97,1638.11,1626.27,1633.94
2015/7/30,1645.9,1655.26,1644.03,1647.21
2015/7/31,1651.11,1659.52,1648.08,1659.52
2015/8/3,1659.68,1660.35,1646.89,1659.6
2015/8/4,1655.03,1661.37,1652.88,1659.83
2015/8/5,1657.56,1675.58,1655.33,1665.85
2015/8/6,1679.39,1688.07,1673.58,1673.58
2015/8/7,1670.21,1680.4,1664.21,1679.19
2015/8/10,1674.12,1691.29,1671.4,1691.29
2015/8/11,1700.46,1702.83,1676.98,1687.6
2015/8/12,1680.32,1685.77,1655.46,1665.75
2015/8/13,1659.26,1670.19,1651.28,1667.95
2015/8/14,1664.53,1672.26,1661.99,1664.46
2015/8/17,1670.86,1677.56,1666.85,1672.87
2015/8/18,1674.52,1678.1,1671.36,1672.22
2015/8/19,1665.15,1670.14,1648.48,1648.48
2015/8/20,1642.27,1643.36,1623.84,1623.88
2015/8/21,1594.69,1596.69,1573.01,1573.01
2015/8/24,1542.25,1545.04,1480.87,1480.87
2015/8/25,1450.98,1509.62,1410.94,1432.65
2015/8/26,1442.55,1485.77,1435.09,1478.97
2015/8/27,1505.42,1523.55,1496.81,1500.41
2015/8/28,1529.82,1555.85,1529.23,1549.8
2015/8/31,1541.85,1544.98,1525.09,1537.05
2015/9/1,1526.67,1528.57,1478.11,1478.11
2015/9/2,1452.99,1495.74,1446.7,1465.99
2015/9/3,1486.14,1499.1,1474.75,1474.98
2015/9/4,1484.84,1485.47,1429.26,1444.53
2015/9/7,1432.23,1454.92,1416.99,1445.65
2015/9/8,1447.47,1450.97,1415.28,1416.71
2015/9/9,1445.51,1507.37,1445,1507.37
2015/9/10,1478.54,1481.77,1454.19,1479.52
2015/9/11,1467.06,1488.11,1465,1480.23
2015/9/14,1486.2,1487.28,1459.9,1462.41
2015/9/15,1471.04,1490.35,1462.13,1462.24
2015/9/16,1479.65,1482.26,1466.6,1472.6
2015/9/17,1485.56,1494.53,1479.01,1491.91
2015/9/18,1480.6,1480.7,1459.02,1462.38
2015/9/24,1443.21,1449.05,1426.97,1426.97
2015/9/25,1431.06,1453.92,1423.13,1453.81
2015/9/28,1447.16,1454.27,1431.11,1438.67
2015/9/29,1414.47,1414.47,1371.44,1375.52
2015/9/30,1396.92,1418.91,1396.25,1411.16
2015/10/1,1422.36,1450.44,1414.2,1442.74
2015/10/2,1430.99,1446.61,1427.17,1444.92
2015/10/5,1461.02,1469.94,1453.84,1463.92
2015/10/6,1486.55,1491.64,1472.43,1475.84
2015/10/7,1478.26,1496.76,1471.56,1493.17
2015/10/8,1491.57,1499.64,1479.48,1481.4
2015/10/9,1494.36,1515.13,1491.14,1515.13
2015/10/13,1506.99,1512.23,1499.67,1503.13
2015/10/14,1489.45,1491.53,1467.45,1470.83
2015/10/15,1465.72,1494.16,1462.74,1490.72
2015/10/16,1504.29,1514.96,1501.81,1505.84
2015/10/19,1505.16,1507.44,1489.11,1494.75
2015/10/20,1503.64,1503.71,1495.01,1499.28
2015/10/21,1497.23,1529.3,1496.76,1526.81
2015/10/22,1516.66,1529.17,1514.72,1518.22
2015/10/23,1545.32,1553.69,1544.14,1547.84
2015/10/26,1566.61,1570.06,1558.32,1558.99
2015/10/27,1558.54,1559.58,1542.5,1543.11
2015/10/28,1545.2,1550.69,1539.97,1547.19
2015/10/29,1558.09,1558.72,1537.36,1547.11
2015/10/30,1547.22,1569,1538.11,1558.2
2015/11/2,1539.44,1539.72,1523.34,1526.97
2015/11/4,1547.53,1556.78,1540.43,1540.43
2015/11/5,1546.97,1559.82,1545.63,1555.1
2015/11/6,1561.66,1566.1,1556.34,1563.59
2015/11/9,1575.83,1594.01,1574.5,1590.97
2015/11/10,1575.72,1590.23,1575.72,1589.48
2015/11/11,1584.16,1598.9,1583.76,1595.32
2015/11/12,1591.27,1597.2,1587.29,1593.57
2015/11/13,1577.03,1586.22,1570.88,1585.83
2015/11/16,1559.34,1576.47,1557.75,1571.53
2015/11/17,1590.91,1592.61,1586.11,1586.11
2015/11/18,1595.09,1599.2,1585.79,1586.53
2015/11/19,1601.76,1609.76,1594.07,1600.38
2015/11/20,1594.99,1603.18,1590.09,1603.18
2015/11/24,1601.35,1608.13,1597.91,1605.94
2015/11/25,1599.98,1600.67,1590.21,1594.67
2015/11/26,1600.34,1607.69,1599.89,1602.32
2015/11/27,1604.7,1605.21,1591.43,1594.45
2015/11/30,1593,1593.91,1578.91,1580.25
2015/12/1,1585.52,1601.95,1584,1601.95
2015/12/2,1600.88,1607.27,1600.27,1602.26
2015/12/3,1600.36,1605.38,1596.31,1602.94
2015/12/4,1576.63,1579.95,1569.06,1574.02
2015/12/7,1588.76,1594.56,1584.51,1585.21
2015/12/8,1587.03,1590.32,1567.64,1568.73
2015/12/9,1560.86,1569.4,1553.59,1555.58
2015/12/10,1539.96,1547.1,1537.97,1540.35
2015/12/11,1533.79,1553.67,1533.79,1549.51
2015/12/14,1521.51,1529.33,1504.72,1527.88
2015/12/15,1527.59,1530.37,1502.55,1502.55
2015/12/16,1525.75,1542.99,1525.29,1540.72
2015/12/17,1565.95,1576.91,1562.45,1564.71
2015/12/18,1562.77,1596.36,1537.1,1537.1
2015/12/21,1526.42,1537.34,1512,1531.28
2015/12/22,1533.32,1538.05,1526.21,1533.6
2015/12/24,1546.56,1547.13,1522.94,1523.62
2015/12/25,1523.87,1525.96,1513.44,1516.19
2015/12/28,1521.6,1532.76,1518.79,1529.22
2015/12/29,1527.59,1545.12,1521.08,1543.39
2015/12/30,1550.28,1554.45,1546.32,1547.3
2016/1/4,1532.53,1544.73,1506.27,1509.67
2016/1/5,1504.69,1516.55,1498.21,1504.71
2016/1/6,1508.78,1514.48,1478.78,1488.84
2016/1/7,1483.9,1489.63,1456.61,1457.94
2016/1/8,1442.85,1472.64,1441.05,1447.32
2016/1/12,1429.52,1436.08,1401.95,1401.95
2016/1/13,1422.17,1443.01,1420.21,1442.09
2016/1/14,1415.05,1416.26,1382.37,1406.55
2016/1/15,1427.65,1433.63,1394.66,1402.45
2016/1/18,1376.24,1393.44,1363.91,1387.93
2016/1/19,1382.45,1395.18,1374.91,1390.41
2016/1/20,1386.16,1386.54,1337.26,1338.97
2016/1/21,1339.72,1359.74,1301.49,1301.49
2016/1/22,1327.93,1375.95,1327.84,1374.19
2016/1/25,1393.87,1398.74,1376.67,1392.63
2016/1/26,1372.57,1373.11,1357.54,1360.23
2016/1/27,1383.41,1403.46,1382.89,1400.7
2016/1/28,1392.93,1406.26,1385.86,1392.1
2016/1/29,1400.73,1435.31,1370.15,1432.07
2016/2/1,1448.04,1463.79,1445.81,1462.67
2016/2/2,1449.01,1461.88,1445.58,1452.04
2016/2/3,1428.28,1429.32,1396.65,1406.27
2016/2/4,1392.43,1403.86,1382.22,1388.81
2016/2/5,1368.61,1373.78,1352.92,1368.97
2016/2/8,1351.69,1388.73,1345.91,1380.41
2016/2/9,1352.89,1352.94,1299.53,1304.33
2016/2/10,1305.87,1309.22,1246.57,1264.96
2016/2/12,1240.92,1242.59,1193.85,1196.28
2016/2/15,1220.14,1303.4,1219.78,1292.23
2016/2/16,1281.48,1321.21,1276.72,1297.01
2016/2/17,1294.34,1311.15,1265.48,1282.4
2016/2/18,1307.06,1322.28,1305.12,1311.2
2016/2/19,1298.83,1299.63,1281.28,1291.82
2016/2/22,1281.74,1304.94,1278.61,1300
2016/2/23,1309.01,1316.05,1289.22,1291.17
2016/2/24,1274.37,1292.36,1266.69,1284.53
2016/2/25,1289.64,1313.12,1289.52,1307.54
2016/2/26,1320.14,1330.23,1310.64,1311.27
2016/2/29,1325.63,1333.11,1297.85,1297.85
2016/3/1,1295.16,1304.7,1284.5,1300.83
2016/3/2,1325.53,1354.67,1325.06,1349.61
2016/3/3,1348.32,1370,1348.01,1369.05
2016/3/4,1366.73,1376.25,1360.89,1375.35
2016/3/7,1373.78,1373.85,1360.86,1361.9
2016/3/8,1357.78,1361.54,1330.58,1347.72
2016/3/9,1334.89,1338.15,1322.14,1332.33
2016/3/10,1344.95,1355.09,1337.03,1352.17
2016/3/11,1334.71,1364.5,1331.63,1359.32
2016/3/14,1375.61,1384.35,1371.96,1379.95
2016/3/15,1377.54,1383.43,1365.87,1372.08
2016/3/16,1361.83,1373.31,1360.05,1360.5
2016/3/17,1369.38,1380.98,1348.6,1358.97
2016/3/18,1354.55,1359.83,1335.34,1345.05
2016/3/22,1359.99,1374.97,1354.57,1369.93
2016/3/23,1371.29,1378.25,1361.86,1364.2
2016/3/24,1360.07,1365.04,1348.88,1354.61
2016/3/25,1357.37,1368.22,1352.78,1366.05
2016/3/28,1375.16,1381.85,1364.8,1381.85
2016/3/29,1367.86,1380.41,1367.86,1377.6
2016/3/30,1373.18,1374.84,1356.09,1356.29
2016/3/31,1363.12,1367.88,1346.83,1347.2
2016/4/1,1343.24,1343.24,1298.48,1301.4
2016/4/4,1296.78,1313.96,1292.59,1302.71
2016/4/5,1295.21,1298.04,1266.77,1268.37
2016/4/6,1266.19,1274.56,1256.31,1267.75
2016/4/7,1267.33,1281.37,1261.36,1272.64
2016/4/8,1255.07,1303.13,1250.77,1287.69
2016/4/11,1281.64,1282.67,1263.25,1279.79
2016/4/12,1278.26,1302.62,1277.25,1299.35
2016/4/13,1316.03,1334.9,1314.17,1332.44
2016/4/14,1352.03,1371.35,1349.96,1371.35
2016/4/15,1353.48,1368.22,1353.48,1361.4
2016/4/18,1334.49,1335.26,1313.35,1320.15
2016/4/19,1345.02,1365.9,1343.65,1363.03
2016/4/20,1375.11,1380.49,1363.38,1365.78
2016/4/21,1386.76,1394.22,1381.25,1393.68
2016/4/22,1380.92,1407.99,1379.46,1407.5
2016/4/25,1412.8,1412.98,1398,1401.83
2016/4/26,1394.51,1397.8,1379.51,1391.69
2016/4/27,1391.68,1395.58,1379.68,1384.3
2016/4/28,1396.65,1404.78,1339.28,1340.55
2016/5/2,1316.57,1316.61,1289.49,1299.96
2016/5/6,1305.4,1309.3,1289.01,1298.32
2016/5/9,1308.11,1313.25,1302.9,1306.66
2016/5/10,1310.92,1337.15,1307.31,1334.9
2016/5/11,1347.95,1353.03,1330.98,1334.3
2016/5/12,1321.8,1338.47,1316.92,1337.27
2016/5/13,1343.48,1343.48,1319.39,1320.19
2016/5/16,1318.15,1333.82,1317.14,1321.65
2016/5/17,1330.52,1335.98,1324.81,1335.85
2016/5/18,1333.59,1349.27,1327.33,1338.38
2016/5/19,1349.3,1352.57,1332.09,1336.56
2016/5/20,1331.97,1345.25,1329.84,1343.4
2016/5/23,1337.55,1339.44,1319.62,1338.68
2016/5/24,1334.11,1334.19,1324.49,1326.5
2016/5/25,1345.43,1348.78,1341.97,1342.88
2016/5/26,1355.73,1357.47,1340.74,1342.87
2016/5/27,1347.68,1352.39,1344.17,1349.93
2016/5/30,1359.48,1366.53,1353.37,1366.01
2016/5/31,1362.63,1380.88,1359.87,1379.8
2016/6/1,1369.96,1374.37,1358.05,1362.07
2016/6/2,1351.75,1351.75,1329.53,1331.81
2016/6/3,1333.42,1341.81,1330.29,1337.23
2016/6/6,1317.33,1332.51,1311.96,1332.43
2016/6/7,1336.29,1342.47,1330.29,1340.77
2016/6/8,1344.07,1350.97,1332.61,1350.97
2016/6/9,1343.96,1347.32,1332.19,1337.41
2016/6/10,1335.81,1335.93,1321.9,1330.72
2016/6/13,1307.97,1308.57,1284.54,1284.54
2016/6/14,1279.46,1288.24,1264.65,1271.93
2016/6/15,1267.58,1284.86,1263.89,1277.11
2016/6/16,1273.29,1275.92,1238.37,1241.56
2016/6/17,1256.85,1264.11,1248.66,1250.83
2016/6/20,1269.81,1283.93,1268.65,1279.19
2016/6/21,1269.96,1296.67,1262.97,1293.9
2016/6/22,1289.87,1291.42,1277.96,1284.61
2016/6/23,1285.72,1300.65,1282.06,1298.71
2016/6/24,1307.84,1309.08,1192.8,1204.48
2016/6/27,1216.7,1227.16,1212.24,1225.76
2016/6/28,1208.57,1233.65,1198.57,1224.62
2016/6/29,1241.27,1251.92,1232.41,1247.69
2016/6/30,1262.42,1264.4,1245.82,1245.82
2016/7/1,1254.87,1260.54,1248.49,1254.44
2016/7/4,1248.5,1263.5,1246.75,1261.97
2016/7/5,1256.87,1259.07,1249.56,1256.64
2016/7/6,1237.33,1238.09,1218.14,1234.2
2016/7/7,1230.78,1238.49,1222.7,1226.09
2016/7/8,1228.97,1234.14,1209.88,1209.88
2016/7/11,1231.26,1263.71,1231.07,1255.79
2016/7/12,1276.12,1297.49,1275.16,1285.73
2016/7/13,1305.84,1314.91,1297.28,1300.26
2016/7/14,1301.13,1312.43,1299.53,1311.16
2016/7/15,1315.43,1325.64,1310.26,1317.1
2016/7/19,1326.06,1331.39,1316.38,1331.39
2016/7/20,1325.92,1331.32,1319.07,1330.75
2016/7/21,1344.4,1347.24,1332.74,1339.39
2016/7/22,1322.1,1330.9,1321.27,1327.51
2016/7/25,1330.59,1339.06,1324.12,1325.36
2016/7/26,1316.98,1317.34,1302.63,1306.94
2016/7/27,1316.53,1331.29,1313.72,1321.67
2016/7/28,1313.76,1316.37,1303.73,1307
2016/7/29,1303.69,1323.99,1288.88,1322.74
2016/8/1,1308.3,1325.24,1299.07,1321.83
2016/8/2,1308.74,1312.94,1300.2,1300.2
2016/8/3,1282.43,1284.27,1269.77,1271.98
2016/8/4,1276.69,1284.66,1262.86,1282.99
2016/8/5,1285.2,1289.64,1278.12,1279.9
2016/8/8,1295.61,1305.53,1294.23,1305.53
2016/8/9,1305.27,1317.87,1304.79,1317.49
2016/8/10,1311.98,1318.99,1308.4,1314.83
2016/8/12,1325.32,1325.57,1318.69,1323.22
2016/8/15,1319.07,1322.99,1315.92,1316.63
2016/8/16,1318.52,1319.09,1298.47,1298.47
2016/8/17,1297.4,1312.87,1297.14,1311.13
2016/8/18,1302.29,1306.37,1290.74,1290.79
2016/8/19,1296.26,1300.03,1288.6,1295.67
2016/8/22,1300.35,1304.84,1296.25,1303.68
2016/8/23,1299.72,1307.61,1292.85,1297.56
2016/8/24,1305.35,1310.57,1302.6,1306.71
2016/8/25,1306.43,1307.6,1301.79,1304.27
2016/8/26,1299.32,1299.32,1287.9,1287.9
2016/8/29,1309.17,1316.39,1307.88,1313.24
2016/8/30,1310.09,1315.46,1308.39,1312.81
2016/8/31,1323.89,1331,1322.68,1329.54
2016/9/1,1330.77,1338.52,1327.88,1337.38
2016/9/2,1335.55,1341.51,1334.56,1340.76
2016/9/5,1357.01,1357.41,1342.68,1343.85
2016/9/6,1344.87,1353.7,1343.87,1352.58
2016/9/7,1340.33,1350.38,1339.17,1349.53
2016/9/8,1346.33,1348.29,1337.36,1345.95
2016/9/9,1345.45,1349.57,1340.64,1343.86
2016/9/12,1325.33,1329.67,1316.68,1323.1
2016/9/13,1328.32,1330.46,1317.74,1322.99
2016/9/14,1314.43,1320.85,1312.86,1314.74
2016/9/15,1306.54,1307.41,1296.39,1301.11
2016/9/16,1304.75,1313.24,1302.01,1311.5
2016/9/20,1305.17,1323.98,1304.75,1316.97
2016/9/21,1316.64,1353.52,1309.51,1352.67
2016/9/23,1347.85,1351.08,1341.53,1349.56
2016/9/26,1347.14,1347.45,1333.65,1335.84
2016/9/27,1321.37,1349.22,1313.77,1349.22
2016/9/28,1333.77,1337.03,1324.4,1330.77
2016/9/29,1340.62,1347.93,1337.81,1343.25
2016/9/30,1323.23,1328.65,1315.86,1322.78
2016/10/3,1332.14,1338.34,1329.06,1330.72
2016/10/4,1334.1,1341.05,1332.63,1340.21
2016/10/5,1345.24,1349.81,1340.62,1347.81
2016/10/6,1355.44,1360.2,1353.02,1353.93
2016/10/7,1352.9,1354.01,1345.8,1350.61
2016/10/11,1353.9,1362.33,1353.29,1356.35
2016/10/12,1342.52,1352.28,1342.19,1342.35
2016/10/13,1348.21,1353.97,1337.15,1342.31
2016/10/14,1341.14,1348.14,1337.92,1347.19
2016/10/17,1346.24,1354.93,1344.46,1352.56
2016/10/18,1350.06,1356.65,1347.47,1356.57
2016/10/19,1355.6,1359.01,1353.33,1357.2
2016/10/20,1356.27,1370.8,1355.44,1370.8
2016/10/21,1372.64,1373.18,1362.95,1365.29
2016/10/24,1366.62,1368.7,1361.51,1367.61
2016/10/25,1372.45,1378.96,1372,1377.32
2016/10/26,1375.49,1382.79,1372.77,1382.7
2016/10/27,1381.1,1387.85,1377.65,1382.01
2016/10/28,1389.8,1392.75,1386.77,1392.41
2016/10/31,1387.32,1393.44,1385.2,1393.02
2016/11/1,1391.97,1394.92,1384.45,1393.19
2016/11/2,1376.68,1377.61,1363.02,1368.44
2016/11/4,1353.8,1355.49,1337.62,1347.04
2016/11/7,1363.89,1367.28,1356.05,1362.8
2016/11/8,1367.57,1369.04,1360.1,1363.49
2016/11/9,1372.34,1382.03,1287.39,1301.16
2016/11/10,1326.85,1379.39,1326.5,1376.35
2016/11/11,1387.48,1398.99,1373.35,1378.28
2016/11/14,1386.96,1401.71,1385.97,1400
2016/11/15,1403.09,1406.05,1394.83,1402.98
2016/11/16,1416.82,1422.63,1414.84,1421.65
2016/11/17,1413.59,1423.08,1412.71,1423.08
2016/11/18,1435.31,1435.9,1428.31,1428.46
2016/11/21,1435.49,1444.18,1433.06,1442.93
2016/11/22,1441.76,1448.45,1439.79,1447.5
2016/11/24,1461.66,1463.47,1458.13,1459.96
2016/11/25,1463.92,1472.63,1456.34,1464.53
2016/11/28,1457.89,1471.19,1456.76,1469.58
2016/11/29,1462.38,1469.59,1462.24,1468.57
2016/11/30,1471.81,1473.02,1466.07,1469.43
2016/12/1,1486.08,1498.74,1478.75,1483.27
2016/12/2,1480.24,1484.52,1471.34,1477.98
2016/12/5,1470.42,1472.34,1462.07,1466.96
2016/12/6,1481.35,1483.43,1472.75,1477.2
2016/12/7,1484.16,1490.76,1481.18,1490.62
2016/12/8,1505.34,1512.69,1500.25,1512.69
2016/12/9,1512.98,1526.97,1510.98,1525.36
2016/12/12,1537.9,1542.99,1520.23,1531.43
2016/12/13,1525.87,1540.25,1523,1540.25
2016/12/14,1541.28,1542.29,1535.85,1538.69
2016/12/15,1543.37,1553.59,1536.91,1542.72
2016/12/16,1553.46,1555.04,1546.74,1550.67
2016/12/19,1546.09,1549.68,1542.58,1549.06
2016/12/20,1546.47,1553.26,1544.24,1552.36
2016/12/21,1555.31,1558.75,1541.6,1544.94
2016/12/22,1542.31,1543.82,1535.82,1543.82
2016/12/26,1540.98,1541.96,1537.76,1538.14
2016/12/27,1534.37,1544.83,1534.04,1536.22
2016/12/28,1536.47,1540.51,1533.29,1536.8
2016/12/29,1529.33,1529.33,1513.25,1518.39
2016/12/30,1509.56,1521.79,1508.01,1518.61
2017/1/4,1533.04,1554.79,1532.56,1554.48
2017/1/5,1558.06,1558.45,1550.64,1555.68
2017/1/6,1541.66,1554.78,1541.36,1553.32
2017/1/10,1550.67,1557.67,1540.09,1542.31
2017/1/11,1548.18,1552.28,1545.55,1550.4
2017/1/12,1544.63,1546.26,1528.5,1535.41
2017/1/13,1534.18,1545.64,1533.2,1544.89
2017/1/16,1540.64,1543.72,1527.37,1530.64
2017/1/17,1525.87,1525.87,1509.01,1509.1
2017/1/18,1503.14,1516.39,1495.03,1513.86
2017/1/19,1528.84,1533.98,1521.01,1528.15
2017/1/20,1527.4,1537.59,1525.52,1533.46
2017/1/23,1519.27,1523.36,1512.68,1514.63
2017/1/24,1508.38,1513.99,1504.31,1506.33
2017/1/25,1526.59,1528.93,1516.9,1521.58
2017/1/26,1536.6,1546.08,1535.25,1545.01
2017/1/27,1551.58,1553.28,1545.45,1549.25
2017/1/30,1542.62,1543.99,1535.97,1543.77
2017/1/31,1526.06,1533.04,1520.95,1521.67
2017/2/1,1511.26,1528.59,1508.21,1527.77
2017/2/2,1530.08,1530.72,1507.08,1510.41
2017/2/3,1515.83,1523.61,1509.47,1514.99
2017/2/6,1528.89,1530.16,1515.34,1520.42
2017/2/7,1510.48,1521.23,1509.2,1516.15
2017/2/8,1518.93,1524.38,1514.46,1524.15
2017/2/9,1518.19,1520.48,1511.21,1513.55
2017/2/10,1535.75,1547.59,1533.46,1546.56
2017/2/13,1558.72,1558.72,1551.02,1554.2
2017/2/14,1559.22,1559.22,1538.63,1539.12
2017/2/15,1554.05,1557.96,1552.87,1553.69
2017/2/16,1554.17,1555.78,1542.75,1551.07
2017/2/17,1542.84,1546.78,1537.73,1544.54
2017/2/20,1540.04,1548.03,1535.92,1547.01
2017/2/21,1547.87,1555.98,1547.14,1555.6
2017/2/22,1559.44,1559.51,1553.17,1557.09
2017/2/23,1556.68,1556.71,1547.24,1556.25
2017/2/24,1547.08,1558.41,1545.63,1550.14
2017/2/27,1537.75,1539.7,1525.16,1534
2017/2/28,1542.39,1549.44,1535.13,1535.32
2017/3/1,1543.11,1554.18,1536.09,1553.09
2017/3/2,1572.32,1575.21,1564.4,1564.69
2017/3/3,1562.5,1565.34,1552.1,1558.05
2017/3/6,1554.2,1557.43,1550.17,1554.9
2017/3/7,1553.23,1556.87,1552.7,1555.04
2017/3/8,1552.94,1554.1,1544.89,1550.25
2017/3/9,1556.99,1556.99,1550.44,1554.68
2017/3/10,1567.07,1574.87,1565.27,1574.01
2017/3/13,1570.33,1578.51,1569.34,1577.4
2017/3/14,1577.15,1577.15,1573.89,1574.9
2017/3/15,1568.37,1572.21,1565.75,1571.31
2017/3/16,1561.65,1574.24,1560.82,1572.69
2017/3/17,1565.42,1567.61,1563.2,1565.85
2017/3/21,1560.62,1565.92,1555.96,1563.42
2017/3/22,1540.26,1541.28,1530.1,1530.2
2017/3/23,1528.46,1531.73,1523.11,1530.41
2017/3/24,1530.05,1547.95,1529.57,1543.92
2017/3/27,1529.26,1531.59,1519.81,1524.39
2017/3/28,1537.5,1544.83,1536.08,1544.83
2017/3/29,1544.18,1545.6,1538.38,1542.07
2017/3/30,1537.76,1541.17,1526.77,1527.59
2017/3/31,1537.3,1539.7,1512.6,1512.6
2017/4/3,1518.9,1523.59,1512.46,1517.03
2017/4/4,1513.27,1513.84,1495.52,1504.54
2017/4/5,1509.9,1513.44,1497.94,1504.66
2017/4/6,1496.74,1499.59,1476.77,1480.18
2017/4/7,1491.14,1498.54,1478.17,1489.77
2017/4/10,1500.55,1503.7,1496.16,1499.65
2017/4/11,1492.3,1496.78,1488.84,1495.1
2017/4/12,1482.41,1483.41,1472.37,1479.54
2017/4/13,1465.97,1471.1,1459,1468.31
2017/4/14,1466.79,1466.79,1456.18,1459.07
2017/4/17,1452.15,1465.98,1452.15,1465.69
2017/4/18,1477.34,1480.79,1468.62,1471.53
2017/4/19,1464.18,1475.47,1463.95,1471.42
2017/4/20,1473.15,1480.46,1471.66,1472.81
2017/4/21,1485.64,1491.24,1482.79,1488.58
2017/4/24,1507.8,1508.48,1500.88,1503.19
2017/4/25,1502.43,1521.62,1502.43,1519.21
2017/4/26,1529.96,1537.41,1527.27,1537.41
2017/4/27,1531.91,1538.7,1531.4,1536.67
2017/4/28,1536.38,1538.89,1528.71,1531.80